2025-09-16_19-37-46,None,draft.py:2025-09-16_19-37-46
2025-09-16_19-37-47,None,draft.py:2025-09-16_19-37-46
2025-09-16_19-40-01,None,draft.py:2025-09-16_19-40-01
2025-09-16_20-02-58,None,draft.py:2025-09-16_19-40-01
2025-09-16_20-03-10,None,draft.py:2025-09-16_19-40-01
2025-09-16_20-03-43,None,draft.py:2025-09-16_20-03-43
2025-09-16_20-12-43,None,draft.py:2025-09-16_20-12-43
2025-09-16_20-12-43,None,draft.py:2025-09-16_20-12-43
2025-09-16_20-12-56,None,draft.py:2025-09-16_20-12-56
2025-09-16_20-17-41,None,draft.py:2025-09-16_20-17-41
2025-09-16_20-19-00,None,draft.py:2025-09-16_20-19-00
2025-09-16_20-19-11,None,draft.py:2025-09-16_20-19-11
2025-09-18_10-11-10,None,draft.py:2025-09-18_10-11-10
2025-09-18_10-27-28,None,draft.py:2025-09-18_10-11-10
2025-09-23_19-19-05,None,draft.py:2025-09-23_19-19-05
2025-09-23_19-19-16,None,draft.py:2025-09-23_19-19-16
2025-09-23_19-19-31,None,draft.py:2025-09-23_19-19-31
2025-09-23_19-19-39,None,draft.py:2025-09-23_19-19-39
2025-09-23_19-19-59,None,draft.py:2025-09-23_19-19-59
2025-09-23_19-20-53,None,draft.py:2025-09-23_19-20-53
2025-09-23_19-21-17,None,draft.py:2025-09-23_19-21-17
2025-09-23_19-21-25,None,draft.py:2025-09-23_19-21-25
2025-09-23_19-21-42,None,draft.py:2025-09-23_19-21-42
2025-09-23_19-21-56,None,draft.py:2025-09-23_19-21-56
2025-09-23_19-23-07,None,draft.py:2025-09-23_19-23-07
2025-09-23_19-23-28,None,draft.py:2025-09-23_19-23-28
