2025-09-23_19-24-05,None,draft.py:2025-09-23_19-24-05
2025-09-23_19-25-43,None,draft.py:2025-09-23_19-25-43
2025-09-23_19-26-38,None,draft.py:2025-09-23_19-26-38
2025-09-23_19-27-21,None,draft.py:2025-09-23_19-27-21
2025-09-23_19-27-38,None,draft.py:2025-09-23_19-27-38
2025-09-23_19-27-58,None,draft.py:2025-09-23_19-27-58
2025-09-23_19-28-47,None,draft.py:2025-09-23_19-28-47
2025-09-23_19-29-46,None,draft.py:2025-09-23_19-29-46
2025-09-23_19-31-09,None,draft.py:2025-09-23_19-29-46
2025-09-23_19-32-48,None,draft.py:2025-09-23_19-32-48
2025-09-23_19-34-05,None,draft.py:2025-09-23_19-34-05
2025-10-02_22-14-13,None,draft.py:2025-09-23_19-34-05
