2025-09-23_20-03-39,None,draft.py:2025-09-23_20-03-39
2025-09-23_20-06-03,None,draft.py:2025-09-23_20-06-03
2025-09-23_20-06-23,None,draft.py:2025-09-23_20-06-23
2025-09-23_20-06-58,None,draft.py:2025-09-23_20-06-58
2025-09-23_20-07-19,None,draft.py:2025-09-23_20-07-19
2025-09-23_20-12-24,None,draft.py:2025-09-23_20-12-24
2025-09-23_20-12-45,None,draft.py:2025-09-23_20-12-45
2025-09-23_20-15-32,None,draft.py:2025-09-23_20-15-32
2025-09-23_20-15-47,None,draft.py:2025-09-23_20-15-47
2025-09-25_20-34-43,None,draft.py:2025-09-25_20-34-43
2025-09-25_20-35-30,None,draft.py:2025-09-25_20-35-30
2025-09-25_20-38-50,None,draft.py:2025-09-25_20-38-50
2025-09-25_20-42-45,None,draft.py:2025-09-25_20-42-45
2025-09-25_20-43-40,None,draft.py:2025-09-25_20-43-40
2025-09-25_20-43-49,None,draft.py:2025-09-25_20-43-40
2025-09-25_20-44-12,None,draft.py:2025-09-25_20-44-12
2025-09-25_20-44-36,None,draft.py:2025-09-25_20-44-36
2025-09-25_20-44-43,None,draft.py:2025-09-25_20-44-43
2025-09-25_20-45-04,None,draft.py:2025-09-25_20-45-04
2025-09-25_20-45-50,None,draft.py:2025-09-25_20-45-50
2025-09-25_20-46-12,None,draft.py:2025-09-25_20-46-12
2025-09-25_20-46-37,None,draft.py:2025-09-25_20-46-12
2025-09-25_20-47-57,None,draft.py:2025-09-25_20-47-57
2025-09-25_20-48-15,None,draft.py:2025-09-25_20-48-15
2025-09-25_20-48-51,None,draft.py:2025-09-25_20-48-51
2025-09-25_20-49-42,None,draft.py:2025-09-25_20-49-42
2025-09-25_20-50-19,None,draft.py:2025-09-25_20-50-19
2025-09-25_20-51-29,None,draft.py:2025-09-25_20-50-19
2025-09-25_20-52-54,None,draft.py:2025-09-25_20-52-54
